Ademar,2001-01-13
Aderki,2001-01-13
Adib,2001-01-13
Adiel,2001-01-13
Adif,2001-01-13
Adil,2001-01-13
Adilson,2001-01-13
Adim,2001-01-13
Adolfo,2001-01-13
Adonai,2001-01-13
Adonías,2001-01-13
Adonis,2001-01-13
Adrian,2001-01-13
Adrián,2001-01-13
Adrianno,2001-01-13
Adriano,2001-01-13
Adriel,2001-01-13
Aecio,2015-06-22
Agamenón,2001-01-13
Agapito,2001-01-13
Agenor,2001-01-13
Ageo,2001-01-13
Agide,2001-01-13
Agnar,2001-01-13
Agostín,2015-04-07
Agostino,2001-01-13
Aguará,2001-01-13
Agustín,2001-01-13
Agustino,2001-01-13
Agusto,2014-03-14
Ahián,2001-01-13
Ahmad,2015-05-14
Aidan,2001-01-13
Aien,2001-01-13
Aikins,2014-05-21
Ailton,2001-01-13
Aimar,2001-01-13
Aín,2001-01-13
Ainer,2001-01-13
Ainuk,2001-01-13
Airon,2001-01-13
Aitán,2001-01-13
Aitor,2001-01-13
Aitzol,2013-11-13
Akemi,2001-01-13
Akil,2001-01-13
Akin,2014-05-05
Akio,2001-01-13
Aladino,2001-01-13
Alain,2001-01-13
Alair,2014-11-10
Alamiro,2001-01-13
Alan,2001-01-13
Alaric,2014-03-31
Alarico,2001-01-13
Alban,2001-01-13
Albano,2001-01-13
Albeiro,2001-01-13
Alberico,2001-01-13
Albertino,2001-01-13
Alberto,2001-01-13
Albino,2001-01-13
Alcario,2001-01-13
Alceo,2001-01-13
Alcibíades,2001-01-13
Alcides,2001-01-13
Aldair,2001-01-13
Alderico,2001-01-13
Aldo,2001-01-13
Ale,2001-01-13
Aleccei,2001-01-13
Alejandro,2001-01-13
Alejo,2001-01-13
Alék,2001-01-13
Alem,2001-01-13
Alen,2001-01-13
Alesandro,2001-01-13
Alesio,2001-01-13
Alessandro,2001-01-13
Alessio,2001-01-13
Alex,2001-01-13
Alexander,2001-01-13
Alexandre,2001-01-13
Alexandro,2001-01-13
Alexandros,2001-01-13
Alexey,2015-01-19
Alexio,2001-01-13
Alexis,2001-01-13
Alfeo,2001-01-13
Alfio,2001-01-13
Alfonso,2001-01-13
Alfredo,2001-01-13
Alí,2001-01-13
Aliberto,2001-01-13
Alider,2001-01-13
Aliel,2001-01-13
Alin,2014-01-15
Aliou,2001-01-13
Alipio,2001-01-13
Allan,2001-01-13
Alonso,2001-01-13
Altair,2001-01-13
Alterio,2001-01-13
Altibano,2014-05-06
Aluhe,2014-06-09
Alvar,2001-01-13
Alvaro,2001-01-13
Alvin,2014-07-18
Amadeo,2001-01-13
Amadeus,2001-01-13
Amado,2001-01-13
Amador,2001-01-13
Amancio,2001-01-13
Amaro,2001-01-13
Amarú,2001-01-13
Amatiel,2001-01-13
Amato,2001-01-13
Amauri,2001-01-13
Ambrosio,2001-01-13
Amelio,2001-01-13
Amer,2001-01-13
Américo,2001-01-13
Amiel,2001-01-13
Amilcar,2001-01-13
Amin,2001-01-13
Amir,2001-01-13
Amit,2001-01-13
Amón,2001-01-13
Amorino,2001-01-13
Amós,2001-01-13
Anacleto,2001-01-13
Anael,2001-01-13
Anastasio,2001-01-13
Anatolio,2001-01-13
Anauel,2014-01-02
Anaximandro,2001-01-13
Ander,2001-01-13
Ander,2001-01-13
Ander,2013-09-02
Andino,2001-01-13
Andoni,2001-01-13
André,2001-01-13
Andrea,2001-01-13
Andreas,2001-01-13
Andrés,2001-01-13
Andreu,2001-01-13
Andriano,2001-01-13
Andrik,2014-01-07
Andriy,2014-04-25
Andros,2001-01-13
Andy,2001-01-13
Anel,2001-01-13
Angel,2001-01-13
Angélico,2001-01-13
Angelino,2001-01-13
Angelo,2001-01-13
Angeluz,2001-01-13
Angeluz,2013-09-02
Anggelo,2014-07-18
Anghello,2001-01-13
Angus,2001-01-13
Angus,2014-02-18
Aníbal,2001-01-13
Aniceto,2001-01-13
Anil,2001-01-13
Ansaldo,2001-01-13
Anselmo,2001-01-13
Antenor,2001-01-13
Anteo,2001-01-13
Anthony,2001-01-13
Antino,2014-11-10
Antoine,2001-01-13
Antolín,2001-01-13
Antón,2001-01-13
Antonello,2001-01-13
Antonin,2001-01-13
Antonin,2013-09-02
Antonino,2001-01-13
Antonio,2001-01-13
Antony,2001-01-13
Antú,2001-01-13
Antuan,2001-01-13
Anuar,2001-01-13
Anyelo,2001-01-13
Aoniken,2001-01-13
Aparicio,2001-01-13
Apolinario,2001-01-13
Apolo,2001-01-13
Aquiles,2001-01-13
Aquilino,2001-01-13
Aquim,2013-12-27
Arabel,2001-01-13
Árago,2001-01-13
Áragon,2001-01-13
Aram,2001-01-13
Arami,2001-01-13
Arami,2013-11-11
Aramis,2001-01-13
Aranú,2001-01-13
Araono,2001-01-13
Arcadio,2001-01-13
Arcángel,2001-01-13
Arcángelo,2001-01-13
Arcelio,2001-01-13
Ares,2001-01-13
Argentino,2001-01-13
Argimiro,2001-01-13
Argos,2001-01-13
Argyll,2001-01-13
Ari,2001-01-13
Ariám,2001-01-13
Arián,2001-01-13
Arié,2001-01-13
Ariel,2001-01-13
Arielo,2001-01-13
Arif,2001-01-13
Arik,2001-01-13
Arión,2001-01-13
Aristeo,2001-01-13
Arístides,2001-01-13
Aristóbulo,2001-01-13
Aristócles,2001-01-13
Aristófanes,2001-01-13
Aristóteles,2001-01-13
Arjuna,2001-01-13
Armando,2001-01-13
Armín,2013-09-26
Arnaldo,2001-01-13
Arnoldo,2001-01-13
Arnulfo,2001-01-13
Arold,2001-01-13
Aroldo,2001-01-13
Arón,2001-01-13
Arquímides,2001-01-13
Arsemio,2001-01-13
Arsenio,2001-01-13
Artemio,2001-01-13
Arturo,2001-01-13
Aruám,2001-01-13
Asabías,2001-01-13
Asad,2001-01-13
Asael,2001-01-13
Asaf,2001-01-13
Asal,2001-01-13
Asán,2001-01-13
Asdrúbal,2001-01-13
Asiel,2001-01-13
Asin,2001-01-13
Aslán,2001-01-13
Assael,2001-01-13
Astolfo,2001-01-13
Astor,2001-01-13
Atahualpa,2001-01-13
Atanasio,2001-01-13
Atenágoras,2001-01-13
Ateneo,2001-01-13
Athos,2001-01-13
Athos,2013-09-02
Atian,2001-01-13
Atiel,2001-01-13
Atila,2001-01-13
Atilano,2001-01-13
Atilio,2001-01-13
Atilio,2013-09-02
Atl,2001-01-13
Atl,2013-09-02
Atl,2013-09-02
Atuel,2001-01-13
Atuel,2013-09-02
Aucan,2001-01-13
Aucan,2013-09-02
Auda,2001-01-13
Auda,2013-09-02
Audelino,2001-01-13
Audelino,2013-09-02
Audon,2013-10-01
Augustín,2001-01-13
Augustin,2013-09-02
Augusto,2001-01-13
Augusto,2013-09-02
Aukan,2013-12-17
Auquín,2001-01-13
Auquin,2013-09-02
Aureliano,2001-01-13
Aureliano,2013-09-02
Aurelio,2001-01-13
Aurelio,2013-09-02
Aureo,2001-01-13
Aureo,2013-09-02
Auriel,2001-01-13
Auriel,2013-09-02
Austin,2001-01-13
Austin,2013-09-02
Autarco,2014-04-25
Avelino,2001-01-13
Avelino,2013-09-02
Axel,2001-01-13
Axel,2013-09-02
Axis,2015-05-15
Ayax,2001-01-13
Ayax,2013-09-02
Ayhan,2001-01-13
Ayhan,2013-09-02
Ayken,2001-01-13
Ayken,2013-09-02
Aymon,2001-01-13
Aymon,2013-09-02
Ayo,2001-01-13
Ayo,2013-09-02
Ayron,2001-01-13
Ayron,2013-09-02
Ayrton,2001-01-13
Ayrton,2013-09-02
Ayzen,2001-01-13
Ayzen,2013-09-02
Azariel,2001-01-13
Azariel,2013-09-02
Azed,2001-01-13
Azed,2013-09-02
Bahiano,2001-01-13
Balbino,2001-01-13
Baldomero,2001-01-13
Balentín,2001-01-13
Baloy,2001-01-13
Baltasar,2001-01-13
Baltazar,2001-01-13
Baltazart,2001-01-13
Balthazar,2001-01-13
Bambino,2001-01-13
Baptista,2014-08-20
Bartholomeo,2001-01-13
Bartolomé,2001-01-13
Baruc,2001-01-13
Basilio,2001-01-13
Bastean,2014-11-19
Bastian,2001-01-13
Bastián,2014-12-04
Bastién,2001-01-13
Battista,2001-01-13
Baudilio,2001-01-13
Baudillo,2001-01-13
Bautista,2001-01-13
Bayron,2001-01-13
Belarmino,2001-01-13
Belindo,2001-01-13
Belisario,2001-01-13
Belsor,2015-01-02
Beltrán,2001-01-13
Beñat,2013-05-14
Benedicto,2001-01-13
Benei,2001-01-13
Benicio,2001-01-13
Benigno,2001-01-13
Benito,2001-01-13
Benizio,2001-01-13
Benjamín,2001-01-13
Benyamín,2001-01-13
Berardo,2001-01-13
Bernabé,2001-01-13
Bernal,2001-01-13
Bernardino,2001-01-13
Bernardo,2001-01-13
Bernat,2001-01-13
Berntjohan,2001-01-13
Berón,2001-01-13
Bertoldo,2001-01-13
Bezaleel,2001-01-13
Biagio,2001-01-13
Bian,2014-07-01
Bianco,2001-01-13
Bienvenido,2001-01-13
Biniamin,2001-01-13
Bismarck,2001-01-13
Bladimir,2001-01-13
Bladimiro,2001-01-13
Blas,2001-01-13
Blaz,2001-01-13
Bojan,2001-01-13
Bonfilio,2001-01-13
Bonifacio,2001-01-13
Bono,2001-01-13
Borik,2001-01-13
Boris,2001-01-13
Borja,2001-01-13
Bosco,2001-01-13
Brad,2001-01-13
Braiton,2001-01-13
Branco,2001-01-13
Brando,2001-01-13
Brandon,2001-01-13
Branimir,2015-04-28
Branko,2001-01-13
Brath,2001-01-13
Braulio,2001-01-13
Brendan,2001-01-13
Brian,2001-01-13
Bricio,2001-01-13
Brizio,2001-01-13
Bruce,2001-01-13
Brunno,2001-01-13
Bruno,2001-01-13
Buenaventura,2001-01-13
Byron,2001-01-13
Caetano,2001-01-13
Cahuel,2001-01-13
Caín,2001-01-13
Caio,2013-09-17
Caleb,2001-01-13
Calixto,2001-01-13
Calógero,2001-01-13
Calvin,2001-01-13
Camel,2001-01-13
Camil,2001-01-13
Camille,2015-01-19
Camilo,2001-01-13
Camin,2001-01-13
Campero,2001-01-13
Canciano,2001-01-13
Cándido,2001-01-13
Cano,2001-01-13
Carl,2001-01-13
Carlo,2001-01-13
Carlos,2001-01-13
Carmelo,2001-01-13
Carmen,2001-01-13
Carpo,2014-07-01
Casiano,2001-01-13
Casimiro,2001-01-13
Casio,2001-01-13
Cassiano,2015-05-26
Cassiel,2014-01-02
Cástulo,2001-01-13
Catalino,2001-01-13
Cato,2001-01-13
Catriel,2001-01-13
Cátulo,2001-01-13
Caué,2014-01-21
Cayetano,2001-01-13
Cayo,2001-01-13
Cecilio,2001-01-13
Cedric,2001-01-13
Ceferino,2001-01-13
Celedonio,2001-01-13
Celestino,2001-01-13
Celso,2001-01-13
César,2001-01-13
Cesáreo,2001-01-13
Chaltén,2001-01-13
Chamuel,2001-01-13
Charbel,2001-01-13
Chiaro,2001-01-13
Chico,2014-09-26
Christian,2001-01-13
Cibrián,2001-01-13
Cicerón,2001-01-13
Cipriano,2001-01-13
Ciriaco,2001-01-13
Cirilo,2001-01-13
Cirino,2001-01-13
Ciro,2001-01-13
Claudio,2001-01-13
Claus,2001-01-13
Cleber,2001-01-13
Clemente,2001-01-13
Clementino,2001-01-13
Cleofás,2001-01-13
Cleto,2001-01-13
Clinio,2001-01-13
Clodomiro,2001-01-13
Clodoveo,2001-01-13
Coel,2001-01-13
Colón,2015-05-29
Conan,2001-01-13
Concepción,2001-01-13
Connor,2014-06-12
Conrado,2001-01-13
Constancio,2001-01-13
Constantín,2001-01-13
Constantino,2001-01-13
Constanzo,2001-01-13
Coraje,2001-01-13
Cornelio,2001-01-13
Cosme,2001-01-13
Costantino,2001-01-13
Crescencio,2001-01-13
Crisólogo,2001-01-13
Crispín,2001-01-13
Crispino,2001-01-13
Cristanzzo,2015-05-20
Cristian,2001-01-13
Cristián,2001-01-13
Cristiano,2001-01-13
Cristino,2015-06-03
Cristo,2001-01-13
Cristobal,2001-01-13
Cristófano,2001-01-13
Cristofer,2001-01-13
Cristopher,2013-05-03
Cruz,2001-01-13
Cruz,2014-03-27
Cuauhtémoc,2001-01-13
Cumelen,2001-01-13
Cuniberto,2001-01-13
Custodio,2001-01-13
Cypriano,2015-01-19
Cyrano,2001-01-13
Cyril,2001-01-13
Czeslav,2014-03-27
Daciano,2001-01-13
Dacio,2001-01-13
Dago,2001-01-13
Dagoberto,2001-01-13
Dahiron,2001-01-13
Daian,2001-01-13
Dalcio,2001-01-13
Dalmacio,2001-01-13
Dalmar,2001-01-13
Dalmiro,2001-01-13
Dalton,2001-01-13
Dámaso,2001-01-13
Damelio,2001-01-13
Damián,2001-01-13
Damiano,2001-01-13
Damir,2001-01-13
Dámir,2001-01-13
Dan,2001-01-13
Danel,2001-01-13
Dángelo,2001-01-13
Danibal,2001-01-13
Daniel,2001-01-13
Danielo,2001-01-13
Danilo,2001-01-13
Dante,2001-01-13
Danti,2013-11-05
Dantino,2001-01-13
Dardo,2001-01-13
Darek,2001-01-13
Darel,2001-01-13
Daren,2001-01-13
Darián,2001-01-13
Dáried,2014-07-21
Dariel,2001-01-13
Darién,2001-01-13
Darin,2001-01-13
Darío,2001-01-13
Darko,2001-01-13
Darlei,2001-01-13
Daron,2001-01-13
Daron,2013-09-02
Dashaev,2001-01-13
Dastan,2015-04-22
David,2001-01-13
Davor,2001-01-13
Daynamo,2015-04-09
Dayron,2001-01-13
de Dios,2001-01-13
de Jesús,2001-01-13
de la Cruz,2001-01-13
de los Angeles,2001-01-13
Dean,2001-01-13
Decio,2001-01-13
Deian,2001-01-13
Deimon,2001-01-13
del Carmen,2001-01-13
del Corazón de Jesús,2001-01-13
del Niño Jesús,2001-01-13
del Rosario,2001-01-13
Delcio,2001-01-13
Delfín,2001-01-13
Délfor,2001-01-13
Delián,2014-10-29
Delmirio,2001-01-13
Delmo,2001-01-13
Demetrio,2001-01-13
Demian,2001-01-13
Demián,2001-01-13
Demis,2001-01-13
Democles,2001-01-13
Demóstenes,2001-01-13
Denis,2001-01-13
Deo,2001-01-13
Deolindo,2001-01-13
Derby,2001-01-13
Dercino,2001-01-13
Derek,2001-01-13
Dergirio,2001-01-13
Derian,2001-01-13
Deris,2001-01-13
Desiderio,2001-01-13
Devin,2001-01-13
Devon,2014-05-26
Diago,2001-01-13
Dianel,2001-01-13
Diano,2001-01-13
Didier,2001-01-13
Diego,2001-01-13
Dieter,2001-01-13
Dilíp,2001-01-13
Dillians,2001-01-13
Dimas,2001-01-13
Dimitri,2001-01-13
Dino,2001-01-13
Diodoro,2001-01-13
Diógenes,2001-01-13
Diogo,2001-01-13
Diomedes,2001-01-13
Dión,2001-01-13
Dionel,2001-01-13
Dionisio,2001-01-13
Diosnel,2001-01-13
Doménico,2001-01-13
Domiciano,2001-01-13
Domicio,2001-01-13
Domingo,2001-01-13
Dominic,2001-01-13
Dominick,2015-02-12
Donaldo,2001-01-13
Donatello,2001-01-13
Donato,2001-01-13
Donatto,2001-01-13
Donnino,2014-03-07
Donovan,2001-01-13
Dorcas,2001-01-13
Dorian,2001-01-13
Doriel,2001-01-13
Doroteo,2001-01-13
Douglas,2001-01-13
Dovber,2013-05-30
Draco,2001-01-13
Drago,2001-01-13
Drako,2001-01-13
Drazen,2001-01-13
Duamn,2001-01-13
Dugar,2001-01-13
Duilio,2001-01-13
Duje,2001-01-13
Dulcirio,2013-08-26
Dumián,2015-05-20
Duncam,2001-01-13
Duncan,2001-01-13
Dusan,2001-01-13
Dustin,2001-01-13
Duvar,2001-01-13
Dyan,2001-01-13
Dylaa,2001-01-13
Dylan,2001-01-13
Ebel,2001-01-13
Eber,2001-01-13
Eberardo,2001-01-13
Ecio,2001-01-13
Ecker,2001-01-13
Eddie,2001-01-13
Eddy,2001-01-13
Edel,2001-01-13
Edelmiro,2001-01-13
Edén,2001-01-13
Eder,2001-01-13
Edesio,2001-01-13
Edgar,2001-01-13
Edgardo,2001-01-13
Edilberto,2001-01-13
Edin,2001-01-13
Edison,2001-01-13
Edmundo,2001-01-13
Edrey,2014-09-29
Edrian,2001-01-13
Edris,2001-01-13
Edrixz,2001-01-13
Edsel,2001-01-13
Eduard,2001-01-13
Eduardo,2001-01-13
Edwin,2001-01-13
Efeo,2001-01-13
Efigenio,2001-01-13
Efraín,2001-01-13
Efrén,2001-01-13
Egan,2014-08-21
Egberto,2001-01-13
Egidio,2001-01-13
Ego,2001-01-13
Eial,2014-01-15
Eidan,2015-04-06
Einar,2001-01-13
Einir,2001-01-13
Eirá,2001-01-13
Eirik,2001-01-13
Eise,2013-11-28
Eise,2013-12-09
Eitan,2001-01-13
Eithan,2014-05-21
Ekman,2001-01-13
Eladio,2001-01-13
Elam,2001-01-13
Elber,2001-01-13
Elbio,2001-01-13
Elcar,2001-01-13
Eleazar,2001-01-13
Elenio,2001-01-13
Eleodoro,2001-01-13
Eler,2001-01-13
Eleucadio,2001-01-13
Eleuterio,2001-01-13
Eliab,2001-01-13
Eliahu,2001-01-13
Eliam,2001-01-13
Elián,2001-01-13
Elián,2014-02-04
Eliano,2001-01-13
Elías,2001-01-13
Eliazim,2001-01-13
Elicer,2001-01-13
Elido,2001-01-13
Eliel,2001-01-13
Eliezer,2001-01-13
Eligio,2001-01-13
Elio,2001-01-13
Elion,2001-01-13
Eliot,2001-01-13
Elisandro,2001-01-13
Eliseo,2001-01-13
Eliú,2001-01-13
Ell Puro,2014-01-16
Ellery,2001-01-13
Elmer,2001-01-13
Elmo,2001-01-13
Elovan,2001-01-13
Eloy,2001-01-13
Elpidio,2001-01-13
Elsio,2001-01-13
Eltiago,2015-06-16
Elton,2001-01-13
Eluney,2001-01-13
Elvio,2001-01-13
Elvis,2001-01-13
Elyon,2001-01-13
Emanuel,2001-01-13
Emede,2001-01-13
Emerson,2001-01-13
Emery,2001-01-13
Emeterio,2001-01-13
Emil,2001-01-13
Emile,2001-01-13
Emiliano,2001-01-13
Emilio,2001-01-13
Emir,2001-01-13
Emiro,2001-01-13
Emmanuel,2001-01-13
Emuriel,2014-04-15
Eneas,2001-01-13
Enedino,2001-01-13
Enio,2001-01-13
Ennio,2001-01-13
Enoc,2001-01-13
Enodio,2001-01-13
Enrico,2001-01-13
Enrique,2001-01-13
Enuel,2001-01-13
Envar,2001-01-13
Enzo,2001-01-13
Eoin,2001-01-13
Epifanio,2001-01-13
Epiro,2001-01-13
Epuyen,2001-01-13
Eragon,2001-01-13
Erardo,2001-01-13
Erasmo,2001-01-13
Erasto,2001-01-13
Ercilio,2001-01-13
Eric,2001-01-13
Erich,2001-01-13
Erico,2001-01-13
Eriel,2013-12-09
Erik,2001-01-13
Eriko,2001-01-13
Eriliano,2015-04-09
Eriol,2001-01-13
Ermelindo,2001-01-13
Ermindo,2001-01-13
Ernesto,2001-01-13
Eros,2001-01-13
Ervin,2001-01-13
Erwin,2001-01-13
Esaín,2001-01-13
Esaú,2001-01-13
Escipión,2001-01-13
Escker,2001-01-13
Escolástico,2001-01-13
Esdras,2001-01-13
Esequiel,2001-01-13
Esio,2014-05-05
Esli,2001-01-13
Espartaco,2001-01-13
Espedito,2001-01-13
Espiro,2001-01-13
Estanislao,2001-01-13
Esteban,2001-01-13
Estéfano,2001-01-13
Esvén,2001-01-13
Etelvino,2001-01-13
Eter,2001-01-13
Ethan,2001-01-13
Etian,2001-01-13
Etienne,2001-01-13
Etienne,2013-12-27
Euclides,2001-01-13
Eudoro,2001-01-13
Eudosio,2001-01-13
Eufemio,2001-01-13
Eufracio,2001-01-13
Eugen,2001-01-13
Eugenio,2001-01-13
Eulalio,2001-01-13
Eulises,2001-01-13
Eulogio,2001-01-13
Eusebio,2001-01-13
Eustaquio,2001-01-13
Eustasio,2001-01-13
Evan,2001-01-13
Evander,2001-01-13
Evandro,2001-01-13
Evangelino,2001-01-13
Evaristo,2001-01-13
Evelio,2001-01-13
Ever,2001-01-13
Evo,2001-01-13
Ewan,2001-01-13
Exequiel,2001-01-13
Eyal,2001-01-13
Ezequías,2001-01-13
Ezequiel,2001-01-13
Ezio,2001-01-13
Ezra,2001-01-13
Fabián,2001-01-13
Fabiano,2001-01-13
Fabio,2001-01-13
Fabriano,2001-01-13
Fabriccio,2015-01-29
Fabricio,2001-01-13
Fabrino,2001-01-13
Fabrizio,2001-01-13
Fabrizzio,2001-01-13
Facundo,2001-01-13
Fahd,2001-01-13
Faiek,2001-01-13
Falco,2001-01-13
Fantino,2001-01-13
Farib,2001-01-13
Farid,2001-01-13
Faustino,2001-01-13
Fausto,2001-01-13
Federico,2001-01-13
Fedi,2001-01-13
Fedor,2014-04-16
Fedro,2001-01-13
Feliciano,2001-01-13
Felipe,2001-01-13
Félix,2001-01-13
Ferdinan,2001-01-13
Fermín,2001-01-13
Fermino,2001-01-13
Fernán,2001-01-13
Fernand,2001-01-13
Fernando,2001-01-13
Ferran,2001-01-13
Ferreol,2001-01-13
Ferruccio,2001-01-13
Feyez,2001-01-13
Fidel,2001-01-13
Filadelfo,2001-01-13
Filenón,2001-01-13
Filiberto,2001-01-13
Filippo,2001-01-13
Filomeno,2001-01-13
Flaminio,2001-01-13
Flaviano,2001-01-13
Flavio,2001-01-13
Florenciano,2001-01-13
Florencio,2001-01-13
Florentino,2001-01-13
Florián,2001-01-13
Floriano,2001-01-13
Florindo,2001-01-13
Florio,2001-01-13
FLOYD,2013-10-04
Folco,2001-01-13
Fortunato,2001-01-13
Francesco,2001-01-13
Franchesco,2001-01-13
Francis,2001-01-13
Francisco,2001-01-13
Franco,2001-01-13
Francois,2014-01-23
Frank,2001-01-13
Franklin,2001-01-13
Franz,2001-01-13
Freddo,2001-01-13
Fredi,2001-01-13
Froilán,2001-01-13
Fructuoso,2001-01-13
Frumencio,2001-01-13
Fulgencio,2001-01-13
Fulvio,2001-01-13
Gabino,2001-01-13
Gabriel,2001-01-13
Gabriele,2001-01-13
Gabrio,2014-03-20
Gadiel,2001-01-13
Gael,2001-01-13
Gaetano,2001-01-13
Gaizka,2001-01-13
Galeano,2001-01-13
Galileo,2001-01-13
Galo,2001-01-13
Gamal,2001-01-13
Gamaliel,2001-01-13
Gardo,2001-01-13
Gaspar,2001-01-13
Gastón,2001-01-13
Gaudencio,2001-01-13
Gautama,2013-07-10
Gavril,2014-06-17
Gedeón,2001-01-13
Gemiel,2001-01-13
Genaro,2001-01-13
Genesio,2001-01-13
Gennaro,2001-01-13
Gerard,2001-01-13
Gerardo,2001-01-13
Geremi,2001-01-13
Geremías,2001-01-13
Germán,2001-01-13
Gerónimo,2001-01-13
Gerson,2001-01-13
Gervasio,2001-01-13
Ghislain,2001-01-13
Giacco,2001-01-13
Giacomo,2001-01-13
Gian,2001-01-13
Giancarlo,2001-01-13
Gianel,2001-01-13
Gianfranco,2001-01-13
Giani,2001-01-13
Gianluca,2001-01-13
Gianmarco,2001-01-13
Gianni,2001-01-13
Gianno,2001-01-13
Giano,2014-03-12
Gianpiero,2001-01-13
Giardino,2001-01-13
Gibrán,2001-01-13
Gilberto,2001-01-13
Gildo,2001-01-13
Ginés,2001-01-13
Gino,2001-01-13
Gio,2001-01-13
Gioberto,2001-01-13
Giocco,2001-01-13
Giorgio,2001-01-13
Giosué,2014-03-07
Giovani,2001-01-13
Giovanni,2001-01-13
Giovanno,2001-01-13
Gisberto,2001-01-13
Giuliano,2001-01-13
Giulio,2001-01-13
Giuse,2001-01-13
Giuseppe,2001-01-13
Giuseppe,2001-01-13
Giustino,2001-01-13
Glenn,2001-01-13
Godofredo,2001-01-13
Goel,2001-01-13
Gofredo,2001-01-13
Gohan,2015-03-18
Gonzalo,2001-01-13
Gopal,2001-01-13
Goran,2001-01-13
Goren,2001-01-13
Gorka,2015-06-03
Graciano,2001-01-13
Graziano,2001-01-13
Gregorio,2001-01-13
Gualberto,2001-01-13
Gualterio,2001-01-13
Gualtiero,2001-01-13
Guarino,2001-01-13
Guido,2001-01-13
Güido,2001-01-13
Guillaume,2001-01-13
Guillermo,2001-01-13
Gumercindo,2001-01-13
Günther,2001-01-13
Gustavo,2001-01-13
Guy,2001-01-13
Guzmán,2001-01-13
Habacuc,2015-02-12
Habib,2001-01-13
Hafgan,2014-04-01
Hakim,2001-01-13
Hamilton,2015-05-15
Hamish,2001-01-13
Hans,2001-01-13
Hansel,2001-01-13
Harley,2001-01-13
Haro,2013-09-27
Haroldo,2001-01-13
Haroun,2001-01-13
Harry,2001-01-13
Hasan,2001-01-13
Hasen,2001-01-13
Hassan,2001-01-13
Hassen,2001-01-13
Hastón,2001-01-13
Haziel,2001-01-13
Heber,2001-01-13
Heberto,2001-01-13
Hebrahim,2001-01-13
Héctor,2001-01-13
Heicel,2015-05-15
Heid,2001-01-13
Heinz,2001-01-13
Helam,2001-01-13
Heliodoro,2001-01-13
Helios,2001-01-13
Helvio,2001-01-13
Henri,2001-01-13
Henry,2001-01-13
Heraclio,2001-01-13
Heráclito,2001-01-13
Heraldo,2001-01-13
Hercoli,2001-01-13
Herculano,2001-01-13
Hércules,2001-01-13
Heriberto,2001-01-13
Herman,2001-01-13
Hermann,2001-01-13
Hermas,2001-01-13
Hermenegildo,2001-01-13
Hermeregildo,2001-01-13
Hermes,2001-01-13
Hermindo,2001-01-13
Herminio,2001-01-13
Hermógenes,2001-01-13
Hernaldo,2001-01-13
Hernán,2001-01-13
Hernando,2001-01-13
Hernani,2001-01-13
Hernrique,2001-01-13
Herodes,2001-01-13
Hertzel,2001-01-13
Hidalgo,2001-01-13
Higinio,2001-01-13
Hilario,2001-01-13
Hilarión,2001-01-13
Hildebaldo,2001-01-13
Hildeberto,2001-01-13
Hildebrando,2001-01-13
Hipólito,2001-01-13
Hiram,2001-01-13
Hiras,2014-06-04
Homero,2001-01-13
Honorato,2001-01-13
Honorio,2001-01-13
Hooman,2001-01-13
Horacio,2001-01-13
Horiel,2001-01-13
Horosman,2001-01-13
Hortencio,2001-01-13
Huberto,2001-01-13
Hugo,2001-01-13
Humberto,2001-01-13
Husain,2001-01-13
Iael,2001-01-13
Iago,2001-01-13
Iair,2001-01-13
Iam,2001-01-13
Ian,2001-01-13
Ianco,2001-01-13
Ianif,2001-01-13
Ianir,2001-01-13
Iannis,2014-06-03
Ianof,2001-01-13
Ianys,2001-01-13
Iber,2013-10-29
Ibrahím,2013-04-05
Ibrahim,2015-02-25
Ibrahin,2001-01-13
Ícaro,2014-06-04
Idelfonso,2001-01-13
Ider,2001-01-13
Ido,2001-01-13
Igal,2001-01-13
Ignacio,2001-01-13
Ignasi,2001-01-13
Ignazio,2001-01-13
Igor,2001-01-13
Ijiel,2001-01-13
Iker,2001-01-13
Iker,2014-04-15
Ikiam,2014-01-16
Ilan,2001-01-13
Ilan,2013-10-23
Ilan,2013-11-13
Ildefonso,2001-01-13
Iled,2001-01-13
Ilya,2013-12-18
Imael,2001-01-13
Imanol,2001-01-13
Imanuel,2001-01-13
Iñaki,2001-01-13
Inan,2001-01-13
Inayén,2001-01-13
Indalecio,2001-01-13
Indiano,2001-01-13
Indigo,2015-06-01
Indio,2001-01-13
Iñigo,2001-01-13
Inocencio,2001-01-13
Inti,2001-01-13
Ioel,2001-01-13
Iohan,2001-01-13
Ion,2001-01-13
Iori,2001-01-13
Iosef,2001-01-13
Ioshua,2001-01-13
Iovan,2001-01-13
Irán,2014-07-04
Ireneo,2001-01-13
IRINEO,2013-10-04
Isaac,2001-01-13
Isahías,2001-01-13
Isaí,2001-01-13
Isaías,2001-01-13
Isao,2001-01-13
Isauro,2001-01-13
Isavir,2001-01-13
Ishai,2015-04-14
Isidoro,2001-01-13
Isidro,2001-01-13
Ismael,2001-01-13
Ismail,2014-01-02
Israel,2001-01-13
Issa,2001-01-13
Issá,2001-01-13
István,2001-01-13
Itai,2001-01-13
Italo,2001-01-13
Itamar,2001-01-13
Itan,2001-01-13
Itham,2001-01-13
Ithiel,2001-01-13
Ittay,2001-01-13
Itzel,2001-01-13
Iuliano,2001-01-13
Ivair,2001-01-13
Iván,2001-01-13
Ivano,2001-01-13
Ivanovich,2013-04-10
Ivar,2001-01-13
Ives,2001-01-13
Ivis,2001-01-13
Ivo,2001-01-13
Izael,2001-01-13
Izan,2001-01-13
Izán,2001-01-13
Izan,2013-12-17
Izan,2014-08-01
Jabes,2015-03-20
Jacinto,2001-01-13
Jack,2001-01-13
Jacko,2001-01-13
Jacob,2014-08-22
Jacobo,2001-01-13
Jaden,2001-01-13
Jael,2001-01-13
Jagüel,2001-01-13
Jahaziel,2001-01-13
Jaiel,2001-01-13
Jaim,2001-01-13
Jaime,2001-01-13
Jair,2001-01-13
Jairo,2001-01-13
Jaitch,2001-01-13
Jakin,2001-01-13
Jako,2001-01-13
Jaled,2001-01-13
Jalil,2001-01-13
James,2014-10-24
Jamie,2001-01-13
Jammin,2001-01-13
Jan,2001-01-13
Janiel,2001-01-13
Jankiel,2001-01-13
Janko,2001-01-13
Jano,2001-01-13
Jantino,2001-01-13
Jardiel,2001-01-13
Jared,2001-01-13
Jarno,2001-01-13
Jaro,2001-01-13
Jasiel,2001-01-13
Jason,2001-01-13
Jaume,2001-01-13
Javier,2001-01-13
Jay,2001-01-13
Jean,2001-01-13
Jedidías,2001-01-13
Jefferson,2001-01-13
Jefrie,2001-01-13
Jehiel,2001-01-13
Jeicob,2015-06-04
Jenaro,2001-01-13
Jeremías,2001-01-13
Jeremy,2001-01-13
Jerome,2001-01-13
Jerónimo,2001-01-13
Jesé,2001-01-13
Jeshua,2001-01-13
Jesúa,2001-01-13
Jesuan,2001-01-13
Jesús,2001-01-13
Jetró,2001-01-13
Jeuel,2001-01-13
Jimeno,2001-01-13
Joacín,2001-01-13
Joakim,2014-01-02
Joan,2001-01-13
Joanin,2014-04-04
Joao,2001-01-13
Joao,2001-01-13
Joaquim,2001-01-13
Joaquín,2001-01-13
Joaquino,2013-07-01
Joás,2014-08-05
Joás,2014-08-20
Joasin,2001-01-13
Job,2001-01-13
Jodor,2001-01-13
Joel,2001-01-13
Joey,2014-05-27
Jofiel,2001-01-13
Johan,2001-01-13
Johel,2013-05-22
John,2001-01-13
Jokin,2001-01-13
Jon,2001-01-13
Jonadab,2001-01-13
Jonah,2014-05-26
Jonán,2001-01-13
Jonás,2001-01-13
Jonatán,2001-01-13
Jonathan,2001-01-13
Jordan,2001-01-13
Jordán,2001-01-13
Jordi,2001-01-13
Jorel,2013-11-13
Jorel,2014-04-15
Jorge,2001-01-13
José,2001-01-13
Josef,2001-01-13
Joselino,2014-04-01
Josemaría,2001-01-13
Josemir,2001-01-13
Joseph,2001-01-13
Joshua,2001-01-13
Josías,2001-01-13
Josua,2001-01-13
Josué,2001-01-13
Jotam,2014-10-29
Joviano,2001-01-13
Juan,2001-01-13
Juancruz,2001-01-13
Juanes,2001-01-13
Juangabriel,2014-01-23
Juani,2001-01-13
Juanjo,2001-01-13
Juano,2001-01-13
Juanse,2001-01-13
Juanse,2013-10-22
Juaquín,2001-01-13
Judas,2014-02-13
Julen,2001-01-13
Julián,2001-01-13
Juliano,2001-01-13
Julien,2001-01-13
Julio,2001-01-13
Junior,2001-01-13
Júpiter,2001-01-13
Jure,2001-01-13
Jurgen,2001-01-13
Jusif,2014-05-28
Justín,2001-01-13
Justiniano,2001-01-13
Justino,2001-01-13
Justo,2001-01-13
Juvenal,2001-01-13
Kael,2001-01-13
Kai,2014-08-21
Kaiel,2013-12-18
Kain,2001-01-13
Kaleb,2001-01-13
Kaled,2001-01-13
Kalén,2013-09-23
Kamal,2001-01-13
Kamau,2014-08-05
Kamau,2014-08-20
Kandido,2001-01-13
Kannon,2013-08-20
Karim,2001-01-13
Karl,2001-01-13
Karol,2001-01-13
Keanu,2001-01-13
Kenai,2001-01-13
Kenan,2001-01-13
Kenneth,2001-01-13
Kenzo,2001-01-13
Keoni,2001-01-13
Kepa,2001-01-13
Ketrín,2001-01-13
Ketzal,2001-01-13
Kevin,2001-01-13
Keyler,2014-03-20
Khail,2001-01-13
Khalil,2001-01-13
Kilian,2001-01-13
Killian,2001-01-13
Kimey,2001-01-13
Kimi,2001-01-13
Kio,2013-12-10
Kiran,2001-01-13
Kiyan,2001-01-13
Klaus,2001-01-13
Koluel,2001-01-13
Krishnaram,2001-01-13
Kurosh,2001-01-13
Kurt,2001-01-13
Kuru,2001-01-13
Kyan,2001-01-13
Labrué,2001-01-13
Ladislao,2001-01-13
Lael,2001-01-13
Lain,2001-01-13
Laionel,2001-01-13
Lair,2001-01-13
Lakme,2001-01-13
Lalo,2013-04-24
Lancelot,2013-10-23
Lander,2013-11-28
Landolfo,2001-01-13
Landon,2001-01-13
Lasio,2001-01-13
Laszio,2001-01-13
Laureano,2001-01-13
Laurencio,2001-01-13
Laurent,2001-01-13
Lauriano,2001-01-13
Lauro,2001-01-13
Lautaro,2001-01-13
Lázaro,2001-01-13
Lazo,2014-07-18
Lazzaro,2001-01-13
Leandro,2001-01-13
Lehen,2001-01-13
Lelio,2001-01-13
Lelis,2001-01-13
Lem,2001-01-13
Lemuel,2001-01-13
Lemun,2001-01-13
Lenard,2001-01-13
lennon,2014-05-09
Lenny,2001-01-13
Leo,2001-01-13
Leobaldo,2001-01-13
Leocadio,2001-01-13
León,2001-01-13
Leonardo,2001-01-13
Leoncio,2001-01-13
Leone,2001-01-13
Leonel,2001-01-13
Leonelo,2001-01-13
Leonicio,2001-01-13
Leonidas,2001-01-13
Leónidas,2014-07-30
Leonides,2001-01-13
Leonir,2001-01-13
Leopoldo,2001-01-13
Leovigildo,2001-01-13
Leroy,2001-01-13
Levi,2001-01-13
Levys,2001-01-13
Lex,2001-01-13
Leyton,2001-01-13
Li,2013-04-22
Liam,2001-01-13
Lian,2013-11-13
Lias,2001-01-13
Liber,2001-01-13
Liberato,2001-01-13
Liberio,2001-01-13
Líbero,2001-01-13
Libertario,2013-10-23
Liberto,2001-01-13
Liborio,2001-01-13
Libran,2001-01-13
Lider,2001-01-13
Lidio,2001-01-13
Liel,2001-01-13
Lies,2001-01-13
Lighuen,2001-01-13
Lihuel,2001-01-13
Lihuen,2001-01-13
Lindolfo,2001-01-13
Lindor,2001-01-13
Lino,2001-01-13
Lion,2001-01-13
Lionel,2001-01-13
Lisandro,2001-01-13
Lissandro,2015-04-23
Lito,2015-02-11
Livio,2001-01-13
Liwen,2015-06-01
Lizard,2014-05-21
Lizio,2001-01-13
Ljubomir,2001-01-13
Llao,2014-04-16
Lluc,2001-01-13
Lluc,2013-07-02
Logan,2001-01-13
Longino,2015-02-12
Loní,2001-01-13
Lorencino,2001-01-13
Lorenso,2001-01-13
Lorenzo,2001-01-13
Loriano,2001-01-13
Loris,2001-01-13
Lourdes,2001-01-13
Luan,2001-01-13
Luano,2001-01-13
Luberlis,2001-01-13
Luc,2001-01-13
Luca,2001-01-13
Lucano,2001-01-13
Lucas,2001-01-13
Lucca,2001-01-13
Lucciano,2001-01-13
Lucián,2001-01-13
Luciano,2001-01-13
Lucielo,2001-01-13
Lucien,2001-01-13
Lucio,2001-01-13
Lucresio,2001-01-13
Ludolfo,2001-01-13
Ludovico,2001-01-13
Ludwig,2001-01-13
Lui,2001-01-13
Luiggi,2001-01-13
Luigi,2001-01-13
Luigi,2013-05-14
Luis,2001-01-13
Luisiano,2001-01-13
Luján,2001-01-13
Luka,2001-01-13
Lukas,2001-01-13
Lulio,2001-01-13
Lysander,2001-01-13
Macario,2001-01-13
Macbanai,2001-01-13
Macedonio,2001-01-13
Maciel,2001-01-13
Maddox,2001-01-13
Mael,2001-01-13
Magín,2001-01-13
Magno,2001-01-13
Maicol,2001-01-13
Maicon,2001-01-13
Maikol,2001-01-13
Mairon,2001-01-13
Makai,2014-03-28
Makin,2001-01-13
Malaquías,2001-01-13
Malco,2001-01-13
Malcon,2001-01-13
Malek,2013-06-10
Malek,2013-12-17
Manfredo,2001-01-13
Manlio,2001-01-13
Manolo,2001-01-13
Manque,2001-01-13
Manu,2001-01-13
Manu,2013-09-02
Manu,2013-08-30
Manuel,2001-01-13
Marat,2001-01-13
Marcel,2001-01-13
Marcelino,2001-01-13
Marcelo,2001-01-13
Marcial,2001-01-13
Marciano,2001-01-13
Marcín,2001-01-13
Marcio,2001-01-13
Marco,2001-01-13
Marcos,2001-01-13
Marcus,2001-01-13
Mardoqueo,2001-01-13
Marek,2001-01-13
María,2001-01-13
Mariano,2001-01-13
Marino,2001-01-13
Mario,2001-01-13
Mark,2001-01-13
Marko,2001-01-13
Markos,2001-01-13
Markus,2001-01-13
Marlon,2001-01-13
Marshall,2001-01-13
Martín,2001-01-13
Martiniano,2001-01-13
Martino,2001-01-13
Marvin,2001-01-13
Marx,2001-01-13
Marzio,2001-01-13
Masashi,2001-01-13
Massimo,2001-01-13
Mássimo,2001-01-13
Matco,2001-01-13
Mateo,2001-01-13
Matheo,2001-01-13
Matheus,2001-01-13
Mathieu,2001-01-13
Mathis,2013-07-10
Matías,2001-01-13
Matko,2001-01-13
Matteo,2001-01-13
Matthew,2001-01-13
Mattía,2001-01-13
Mauricio,2001-01-13
Maurizio,2001-01-13
Mauro,2001-01-13
Max,2001-01-13
Maximiano,2013-04-30
Maximilian,2001-01-13
Maximiliano,2001-01-13
Maximino,2001-01-13
Máximo,2001-01-13
Mázzimo,2001-01-13
Medardo,2001-01-13
Mehiel,2001-01-13
Meir,2001-01-13
Meir,2015-04-14
Melanio,2001-01-13
Melchor,2001-01-13
Melitón,2001-01-13
Melquíades,2001-01-13
Melvin,2013-06-27
Mendel,2001-01-13
Menelao,2001-01-13
Menquei,2001-01-13
Merlin,2001-01-13
Mesías,2013-05-24
Meulén,2001-01-13
Micael,2001-01-13
Micaías,2001-01-13
Michael,2001-01-13
Michel,2001-01-13
Migdonio,2001-01-13
Miguel,2001-01-13
Miguelangel,2015-05-15
Mijael,2001-01-13
Mijail,2001-01-13
Mikaías,2001-01-13
Mike,2001-01-13
Mikeas,2001-01-13
Mikel,2001-01-13
Mikhail,2001-01-13
Mikko,2001-01-13
Milan,2001-01-13
Milcar,2001-01-13
Milenko,2014-07-08
Millán,2001-01-13
Milo,2001-01-13
Milos,2001-01-13
Milos,2014-09-23
Miloslav,2013-06-25
Milosz,2013-10-10
Milován,2001-01-13
Milton,2001-01-13
Miqueas,2001-01-13
Mirco,2001-01-13
Mirko,2001-01-13
Miro,2013-12-17
Miroslav,2001-01-13
Misael,2001-01-13
Misel,2001-01-13
Miyen,2001-01-13
Mizzio,2001-01-13
Modesto,2001-01-13
Mohamed,2001-01-13
Moisés,2001-01-13
Moreno,2001-01-13
Morgan,2001-01-13
Morgan,2013-12-18
Moro,2001-01-13
Mosíah,2001-01-13
Mundo,2001-01-13
Munir,2001-01-13
Murilo,2014-07-02
Mustafá,2001-01-13
Nabil,2001-01-13
Nabucodonosor,2001-01-13
Nacho,2014-03-14
Nacor,2001-01-13
Nadal,2001-01-13
Nadim,2001-01-13
Nadin,2001-01-13
Nadir,2001-01-13
Nael,2001-01-13
Nafar,2001-01-13
Nagual,2001-01-13
Nahiel,2001-01-13
Nahir,2001-01-13
Nahuel,2001-01-13
Nahuen,2001-01-13
Nahum,2001-01-13
Naim,2001-01-13
Nair,2001-01-13
Naivet,2001-01-13
Naji,2013-11-07
Nakay,2001-01-13
Naldi,2013-05-17
Nalex,2001-01-13
Nallib,2001-01-13
Nando,2001-01-13
Nanni,2001-01-13
Naón,2001-01-13
Napoleón,2001-01-13
Napolitano,2001-01-13
Narada,2001-01-13
Narciso,2001-01-13
Naré,2001-01-13
Narel,2001-01-13
Naseem,2015-07-03
Nasif,2001-01-13
Nasim,2001-01-13
Nasser,2001-01-13
Natal,2001-01-13
Natalino,2001-01-13
Natalio,2001-01-13
Natán,2001-01-13
Natanael,2001-01-13
Nataniel,2001-01-13
Nathan,2013-06-06
Nathaniel,2001-01-13
Natiel,2013-06-26
Naum,2001-01-13
Navier,2001-01-13
Nayib,2001-01-13
Nazar,2001-01-13
Nazareno,2001-01-13
Nazario,2001-01-13
Názaro,2001-01-13
Nazim,2015-05-15
Nazir,2001-01-13
Nazoreo,2001-01-13
Nazzareno,2001-01-13
Neandro,2001-01-13
Nedijko,2001-01-13
Nedo,2001-01-13
Nefi,2001-01-13
Nehemías,2001-01-13
Nehiam,2015-03-05
Nehiel,2001-01-13
Nehuel,2001-01-13
Nehuen,2001-01-13
Neike,2001-01-13
Neil,2013-06-17
Neitan,2001-01-13
Nelio,2001-01-13
Nelir,2001-01-13
Nelkhael,2013-06-11
Nello,2001-01-13
Nelo,2001-01-13
Nelso,2001-01-13
Nelson,2001-01-13
Nelver,2001-01-13
Nemesio,2001-01-13
Nemuel,2001-01-13
Neo,2001-01-13
Nepomuceno,2001-01-13
Nerces,2001-01-13
Nerco,2001-01-13
Nereo,2001-01-13
Neri,2001-01-13
Nerias,2001-01-13
Nerio,2001-01-13
Neris,2001-01-13
Nerón,2001-01-13
Nery,2001-01-13
Néstor,2001-01-13
Neuén,2001-01-13
Neuquén,2001-01-13
Newells,2001-01-13
Newen,2001-01-13
Neyén,2001-01-13
Neymar,2001-01-13
Niall,2014-04-28
Nicandro,2001-01-13
Nicanor,2001-01-13
Nicasio,2001-01-13
Niccolo,2001-01-13
Nicéforo,2001-01-13
Nick,2001-01-13
Nico,2001-01-13
Nicodemo,2001-01-13
Nicola,2001-01-13
Nicolás,2001-01-13
Nicolay,2014-11-11
Nicolino,2001-01-13
Nicolo,2001-01-13
Nicomedes,2001-01-13
Nigel,2001-01-13
Nihuel,2001-01-13
Nijash,2001-01-13
Nijhat,2001-01-13
Nika,2001-01-13
Niklaus,2013-05-30
Niko,2001-01-13
Nikola,2001-01-13
Nikolás,2001-01-13
Nikos,2014-04-24
Nilo,2001-01-13
Nils,2001-01-13
Nilson,2001-01-13
Nino,2001-01-13
Nisael,2001-01-13
Niseno,2001-01-13
Noah,2001-01-13
Noam,2001-01-13
Noé,2001-01-13
Noel,2001-01-13
Nolasco,2001-01-13
Norberto,2001-01-13
Norman,2001-01-13
Novac,2001-01-13
Novak,2014-01-20
Novak,2015-05-15
Numa,2015-03-05
Nuno,2001-01-13
Nuriel,2001-01-13
Obadia,2001-01-13
Obdulio,2001-01-13
Obed,2001-01-13
Ociel,2001-01-13
Octaviano,2001-01-13
Octavio,2001-01-13
Oderico,2001-01-13
Odín,2001-01-13
Odiseo,2001-01-13
Odon,2001-01-13
Oger,2001-01-13
Olaf,2001-01-13
Olden,2001-01-13
Olegario,2001-01-13
Olimpio,2001-01-13
Olindo,2001-01-13
Oliver,2001-01-13
Oliverio,2001-01-13
Olivier,2013-08-26
Olivio,2001-01-13
Olmar,2001-01-13
Olmo,2001-01-13
Omar,2001-01-13
Omil,2001-01-13
Omir,2001-01-13
Onan,2001-01-13
Oner,2001-01-13
Onésimo,2001-01-13
Onil,2001-01-13
Onofre,2001-01-13
Onur,2015-01-01
Oreste,2001-01-13
Orestes,2001-01-13
Orfeo,2001-01-13
Orian,2001-01-13
Oriel,2001-01-13
Orlando,2001-01-13
Orlindo,2001-01-13
Orosmán,2013-05-31
Oscar,2001-01-13
Oseas,2001-01-13
Osibe,2001-01-13
Osiel,2001-01-13
Osiris,2001-01-13
Osmán,2001-01-13
Osmar,2001-01-13
Osorio,2001-01-13
Osvaldo,2001-01-13
Osver,2001-01-13
Otelo,2001-01-13
Otmar,2001-01-13
Otón,2001-01-13
Otoniel,2001-01-13
Otriel,2001-01-13
Ottavio,2001-01-13
Otto,2001-01-13
Ovidio,2001-01-13
Owen,2001-01-13
Ozbek,2001-01-13
Ozías,2001-01-13
Pabel,2001-01-13
Pablo,2001-01-13
Pacífico,2001-01-13
Paco,2001-01-13
Pantaleón,2001-01-13
Paolo,2001-01-13
Paraná,2014-04-24
Paris,2001-01-13
Parmenio,2001-01-13
Pascacio,2001-01-13
Pascal,2014-10-28
Pascual,2001-01-13
Pastor,2001-01-13
Patricio,2001-01-13
Patrick,2001-01-13
Patrizio,2001-01-13
Patrocinio,2001-01-13
Pau,2001-01-13
Paucides,2001-01-13
Paúl,2001-01-13
Paulino,2001-01-13
Paulo,2001-01-13
Paw,2001-01-13
Paz,2001-01-13
Pedro,2001-01-13
Pehuel,2001-01-13
Pehuen,2001-01-13
Pelayo,2001-01-13
Percy,2013-09-11
Pericles,2001-01-13
Perseo,2001-01-13
Peter,2001-01-13
Petronilo,2001-01-13
Petronio,2001-01-13
Philippe,2001-01-13
Phillipo,2015-04-07
Pier,2001-01-13
Pier Paolo,2001-01-13
Pierino,2001-01-13
Pierluigi,2001-01-13
Piero,2001-01-13
Pierre,2001-01-13
Pierson,2001-01-13
Pietro,2001-01-13
Pillku,2015-04-23
Pincén,2001-01-13
Pío,2001-01-13
Plácido,2001-01-13
Platón,2001-01-13
Plausides,2001-01-13
Plinio,2001-01-13
Plutarco,2001-01-13
Pol,2001-01-13
Policarpo,2001-01-13
Polo,2001-01-13
Polonio,2001-01-13
Pompeo,2001-01-13
Pompeyo,2001-01-13
Pompinio,2001-01-13
Poncio,2001-01-13
Porfirio,2001-01-13
Primo,2001-01-13
Próspero,2001-01-13
Prudencio,2001-01-13
Publio,2001-01-13
Qisu,2001-01-13
Quennel,2013-05-17
Quimey,2001-01-13
Quimil,2001-01-13
Quintín,2001-01-13
Quinto,2001-01-13
Rabel,2001-01-13
Rached,2001-01-13
Radamel,2001-01-13
Radamés,2001-01-13
Rafael,2001-01-13
Rafic,2001-01-13
Raimundo,2001-01-13
Rainerio,2001-01-13
Raiquen,2001-01-13
Rajamim,2001-01-13
Rajel,2001-01-13
Ramiro,2001-01-13
Ramón,2001-01-13
Ramsés,2001-01-13
Rancul,2001-01-13
Randol,2001-01-13
Randolfo,2001-01-13
Randy,2001-01-13
Raniero,2001-01-13
Ranolfo,2001-01-13
Ranulfo,2001-01-13
Raphael,2001-01-13
Raúl,2001-01-13
Raví,2015-06-18
Ray,2001-01-13
Raymond,2013-05-13
Raziel,2001-01-13
Redento,2001-01-13
Redo,2001-01-13
Reegan,2001-01-13
Reginaldo,2001-01-13
Regis,2001-01-13
Régulo,2001-01-13
Reinaldo,2001-01-13
Reli,2001-01-13
Remigio,2001-01-13
Remo,2001-01-13
Renán,2001-01-13
Renato,2001-01-13
René,2001-01-13
Renzo,2001-01-13
Reuel,2001-01-13
Rey,2001-01-13
Reyes,2001-01-13
Riad,2001-01-13
Ricardo,2001-01-13
Richard,2001-01-13
Rickson,2013-05-07
Riduam,2001-01-13
Riduan,2013-07-03
Rigoberto,2001-01-13
Rinaldo,2001-01-13
Ringo,2001-01-13
Rinno,2001-01-13
Río,2013-07-17
Rito,2001-01-13
Robertino,2001-01-13
Roberto,2001-01-13
Robustiano,2001-01-13
Rocco,2001-01-13
Rodolfo,2001-01-13
Rodrigo,2001-01-13
Roel,2001-01-13
Roemir,2001-01-13
Rogelio,2001-01-13
Roger,2001-01-13
Roko,2001-01-13
Rolando,2001-01-13
Roma,2001-01-13
Román,2001-01-13
Romano,2001-01-13
Romelio,2001-01-13
Romeo,2001-01-13
Romildo,2001-01-13
Romualdo,2001-01-13
Rómulo,2001-01-13
Ron,2001-01-13
Ronald,2001-01-13
Ronaldo,2001-01-13
Ronan,2001-01-13
Ronán,2001-01-13
Ronel,2001-01-13
Ronnie,2001-01-13
Roque,2001-01-13
Rosario,2001-01-13
Rosbiel,2014-05-05
Rosendo,2001-01-13
Roy,2001-01-13
Rubel,2001-01-13
Rubén,2001-01-13
Rúbens,2014-01-02
Ruddi,2001-01-13
Rudecindo,2001-01-13
Rufino,2001-01-13
Rufo,2001-01-13
Ruperto,2001-01-13
Ruy,2001-01-13
Ryan,2001-01-13
Sabas,2001-01-13
Sabatino,2001-01-13
Sabino,2001-01-13
Sac Nieté,2001-01-13
Sacha,2001-01-13
Sadi,2001-01-13
Sadik,2001-01-13
Sáhid,2001-01-13
Sahir,2001-01-13
Said,2001-01-13
Saimon,2001-01-13
Saín,2013-10-30
Sair,2001-01-13
Salatiel,2001-01-13
Salim,2001-01-13
Salomón,2001-01-13
Salustiano,2001-01-13
Salustio,2001-01-13
Salvador,2001-01-13
Salvatore,2001-01-13
Sam,2001-01-13
Samaras,2001-01-13
Samer,2001-01-13
Samin,2001-01-13
Samir,2001-01-13
Sammael,2014-10-03
Samuel,2001-01-13
Samuka,2015-01-22
Sancho,2001-01-13
Sander,2001-01-13
Sandino,2001-01-13
Sandro,2001-01-13
Sansón,2001-01-13
Santana,2001-01-13
Sante,2001-01-13
Santiago,2001-01-13
Santiano,2014-10-28
Santiel,2014-07-01
Santin,2014-11-10
Santino,2001-01-13
Santo,2001-01-13
Santos,2001-01-13
Saril,2001-01-13
Saro,2001-01-13
Saro,2013-12-04
Sathya,2001-01-13
Satoshi,2001-01-13
Saturnino,2001-01-13
Saúl,2001-01-13
Saulo,2001-01-13
Sauro,2001-01-13
Saustín,2001-01-13
Saverio,2001-01-13
Savino,2001-01-13
Sayid,2013-07-10
Scott,2013-11-28
Sealtiel,2001-01-13
Sean,2001-01-13
Sebastián,2001-01-13
Sebastien,2001-01-13
Secundino,2001-01-13
Segismundo,2001-01-13
Segundino,2013-07-23
Segundo,2001-01-13
Selenio,2001-01-13
Selim,2001-01-13
Sempronio,2001-01-13
Séneca,2001-01-13
Septimio,2001-01-13
Serafín,2001-01-13
Serapio,2001-01-13
Sergio,2001-01-13
Servando,2001-01-13
Set,2001-01-13
Seth,2013-11-28
Severiano,2001-01-13
Severino,2001-01-13
Severo,2001-01-13
Shafiq,2001-01-13
Shair,2001-01-13
Shakir,2001-01-13
Shalom,2013-05-30
Shalon,2001-01-13
Shamel,2001-01-13
Shanti,2001-01-13
Sharhiel,2001-01-13
Sharif,2001-01-13
Sharo,2001-01-13
Shelam,2015-04-23
Sheridan,2001-01-13
Shesuan,2013-05-09
Sheyko,2001-01-13
Shimon,2001-01-13
Sidney,2001-01-13
Sigfrido,2001-01-13
Sigor,2001-01-13
Siloé,2001-01-13
Silvano,2001-01-13
Silverio,2001-01-13
Silvestre,2001-01-13
Silvino,2001-01-13
Silvio,2001-01-13
Simao,2013-04-24
Simeón,2001-01-13
Simon,2001-01-13
Simón,2001-01-13
Simone,2014-06-25
Sinibaldo,2001-01-13
Siro,2001-01-13
Sixto,2001-01-13
Skay,2013-08-20
Sócrates,2001-01-13
Sofanor,2001-01-13
Sofocles,2001-01-13
Solano,2001-01-13
Solomón,2014-04-15
Soni,2015-03-05
Soriano,2001-01-13
Stavros,2001-01-13
Stefan,2001-01-13
Stefano,2001-01-13
Stefanos,2001-01-13
Stephan,2001-01-13
Stephen,2001-01-13
Steven,2001-01-13
Stevie,2001-01-13
Sulayman,2001-01-13
Sulien,2014-04-01
Sulpicio,2001-01-13
Swami,2001-01-13
Swan,2014-01-14
Tabaré,2001-01-13
Taciano,2001-01-13
Tácito,2001-01-13
Taddeo,2015-01-30
Tadeo,2001-01-13
Tafari,2001-01-13
Taher,2001-01-13
Tahiel,2013-07-08
Tahuel,2001-01-13
Taiel,2001-01-13
Taihú,2001-01-13
Taíno,2014-01-23
Tamar,2001-01-13
Tamer,2001-01-13
Tamir,2001-01-13
Tancredo,2001-01-13
Tao,2001-01-13
Tarek,2001-01-13
Taribo,2001-01-13
Tarsicio,2001-01-13
Tayavek,2001-01-13
Taylor,2001-01-13
Tazio,2001-01-13
Tehuel,2001-01-13
Telémaco,2001-01-13
Telésforo,2001-01-13
Telmo,2001-01-13
Temístocles,2001-01-13
Teo,2001-01-13
Teobaldo,2001-01-13
Teodomiro,2001-01-13
Teodorico,2001-01-13
Teodoro,2001-01-13
Teodosio,2001-01-13
Teófilo,2001-01-13
Teógenes,2001-01-13
Terecio,2001-01-13
Terenciano,2001-01-13
Terencio,2001-01-13
Teseo,2001-01-13
Thabo,2015-06-23
Thadeo,2001-01-13
Thai,2013-10-04
Thaiel,2001-01-13
Thail,2014-06-23
Thazi,2015-04-30
Theo,2001-01-13
Thiago,2001-01-13
Thian,2001-01-13
Thián,2013-04-26
Thomas,2001-01-13
Thomás,2001-01-13
Tiago,2001-01-13
Tian,2001-01-13
Tiberio,2001-01-13
Tiburcio,2001-01-13
Ticiano,2001-01-13
Tikal,2001-01-13
Tildo,2001-01-13
Timo,2001-01-13
Timoteo,2001-01-13
Tirso,2001-01-13
Tito,2001-01-13
Tiziano,2001-01-13
Tizius,2001-01-13
Tizziano,2001-01-13
Tizzio,2001-01-13
Tobías,2001-01-13
Todd,2001-01-13
Tolomeo,2001-01-13
Tom,2001-01-13
Tomás,2001-01-13
Tomasino,2001-01-13
Tomaso,2014-08-05
Tommy,2001-01-13
Tomy,2001-01-13
Toni,2001-01-13
Toniño,2001-01-13
Tonny,2001-01-13
Torcuato,2001-01-13
Toribio,2001-01-13
Tosh,2001-01-13
Tousen,2015-05-20
Toxzo,2001-01-13
Tránsito,2001-01-13
Trevor,2001-01-13
Trifone,2001-01-13
Tristán,2001-01-13
Tuan,2001-01-13
Tubalcaín,2001-01-13
Tulio,2001-01-13
Tupac,2001-01-13
Tyler,2001-01-13
Tyrone,2014-08-22
Tzahi,2015-05-07
Ubaldo,2001-01-13
Uciel,2001-01-13
Uclides,2013-05-30
Udino,2001-01-13
Uel,2001-01-13
Ugo,2001-01-13
Ulderico,2001-01-13
Ulicio,2001-01-13
Ulises,2001-01-13
Ulpiano,2001-01-13
Umberto,2001-01-13
Unai,2001-01-13
Uncas,2001-01-13
Urbano,2001-01-13
Urías,2001-01-13
Uriel,2001-01-13
Uziel,2001-01-13
Valdemar,2001-01-13
Valente,2015-06-17
Valentín,2001-01-13
Valentino,2001-01-13
Valeriano,2001-01-13
Valerio,2001-01-13
Valter,2001-01-13
Van,2001-01-13
Vanjhel,2001-01-13
Vartán,2001-01-13
Venancio,2001-01-13
Venerando,2001-01-13
Venero,2013-05-27
Venicio,2001-01-13
Ventura,2001-01-13
Vicente,2001-01-13
Vicentico,2001-01-13
Vicentino,2001-01-13
Vicenzo,2001-01-13
Vico,2013-05-30
Víctor,2001-01-13
Victorino,2001-01-13
Victorio,2001-01-13
Vidal,2001-01-13
Vier,2013-07-31
Vieri,2001-01-13
Viggo,2001-01-13
Vilfredo,2001-01-13
Vincent,2001-01-13
Vincenzo,2001-01-13
Vinicio,2001-01-13
Vinicius,2013-06-26
Vinko,2001-01-13
Virgilio,2001-01-13
Virginio,2001-01-13
Viriato,2014-08-05
Vitali,2013-04-10
Vito,2001-01-13
Vitto,2001-01-13
Vittorio,2001-01-13
Viviano,2001-01-13
Vladimir,2001-01-13
Vulpiano,2001-01-13
Waldemar,2001-01-13
Waldino,2001-01-13
Waldo,2001-01-13
Wallace,2001-01-13
Walter,2001-01-13
Walther,2001-01-13
Wenceslao,2001-01-13
Werfil,2001-01-13
Werner,2001-01-13
Wilfredo,2001-01-13
Wilfrido,2001-01-13
Wilhelm,2014-01-13
William,2001-01-13
Williams,2001-01-13
Wilson,2001-01-13
Wisin,2001-01-13
Wladimiro,2001-01-13
Xabi,2001-01-13
Xair,2014-08-20
Xandé,2001-01-13
Xanti,2001-01-13
Xavi,2013-04-24
Xavier,2001-01-13
Xian,2015-04-22
Xoan,2001-01-13
Xochtiel,2001-01-13
Xoel,2001-01-13
Xuan,2001-01-13
Xul,2001-01-13
Xun,2001-01-13
Yabé,2001-01-13
Yaco,2001-01-13
Yadir,2001-01-13
Yaehl,2001-01-13
Yael,2001-01-13
Yafar,2001-01-13
Yago,2001-01-13
Yahao,2001-01-13
Yahil,2001-01-13
Yahir,2001-01-13
Yaiden,2001-01-13
Yaiel,2001-01-13
Yain,2001-01-13
Yair,2001-01-13
Yallel,2001-01-13
Yamandú,2001-01-13
Yamil,2001-01-13
Yamir,2001-01-13
Yandel,2001-01-13
Yanko,2001-01-13
Yari,2001-01-13
Yarik,2014-08-01
Yarko,2001-01-13
Yaro,2001-01-13
Yaser,2001-01-13
Yasimir,2014-09-05
Yasir,2001-01-13
Yasmani,2001-01-13
Yassin,2001-01-13
Yatel,2001-01-13
Yavi,2001-01-13
Yazael,2001-01-13
Yazimel,2001-01-13
Yedidya,2001-01-13
Yeliel,2014-09-04
Yemel,2001-01-13
Yenien,2001-01-13
Yerik,2001-01-13
Yerko,2001-01-13
Yerohon,2001-01-13
Yeshúa,2001-01-13
Yeshuan,2015-03-05
Yevil,2001-01-13
Yexiel,2001-01-13
Yoab,2014-04-25
Yoel,2001-01-13
Yoisimi,2001-01-13
Yonatan,2001-01-13
Yong,2013-04-09
Yosemir,2001-01-13
Ythiel,2001-01-13
Yuamat,2001-01-13
Yulián,2001-01-13
Yuliano,2001-01-13
Yunez,2001-01-13
Yuri,2001-01-13
Yuthiel,2001-01-13
Yutiel,2001-01-13
Zac,2001-01-13
Zacarías,2001-01-13
Zadquiel,2001-01-13
Zafiro,2001-01-13
Zahir,2001-01-13
Zaire,2001-01-13
Zamiel,2001-01-13
Zamir,2013-08-22
Zanian,2001-01-13
Zantino,2001-01-13
Zaqueo,2001-01-13
Zarko,2001-01-13
Zatkiel,2001-01-13
Zdenko,2001-01-13
Zelik,2001-01-13
Zeljko,2014-09-23
Zelmar,2001-01-13
Zelmiro,2001-01-13
Zenobio,2001-01-13
Zenón,2001-01-13
Zet,2001-01-13
zeus,2014-02-11
Zidan,2001-01-13
Zidanelio,2001-01-13
Zinedine,2001-01-13
Zingaro,2001-01-13
Zión,2014-01-23
Zion,2014-04-15
Zlatan,2001-01-13
Zoilo,2001-01-13
Zósimo,2001-01-13
Zuriel,2001-01-13
